Villes, Bouteille d'eau en plastique, Canette de soda, Brique de jus, Carton, Boite de conserve, Thon en conserve, Pot de confiture, Feuille de papier, Reste de pomme, Epluchures, Bouteille d'eau en verre, Pot de yaourt en plastique, Pot de yaourt en verre, Barquette en plastique, Flacon de shampoing, Flacon de parfum
Paris (75),Bac au couvercle jaune,Bac au couvercle jaune,Bac au couvercle jaune,Bac au couvercle jaune,Bac au couvercle jaune,Bac au couvercle jaune,Bac au couvercle blanc,Bac au couvercle jaune,Bac au couvercle marron,Bac au couvercle marron,Bac au couvercle blanc,Bac au couvercle jaune,Bac au couvercle blanc,Bac au couvercle jaune,Bac au couvercle jaune,Bac au couvercle blanc
Marseille (13),Bac au couvercle jaune,Bac au couvercle jaune,Bac au couvercle jaune,Bac au couvercle jaune,Bac au couvercle jaune,Bac au couvercle jaune,Point de collecte vert,Bac au couvercle jaune,Compost,Compost,Point de collecte vert,Bac au couvercle marron,Point de collecte vert,Bac au couvercle marron,Bac au couvercle jaune,Point de collecte vert
Lyon (69),Bac vert au couvercle jaune,Bac vert au couvercle jaune,Bac vert au couvercle jaune,Bac vert au couvercle jaune,Bac vert au couvercle jaune,Bac vert au couvercle jaune,Point de collecte vert,Bac vert au couvercle jaune,Compost,Compost,Point de collecte vert,Bac vert au couvercle jaune,Point de collecte vert,Bac vert au couvercle jaune,Bac vert au couvercle jaune,Point de collecte vert
Toulouse (31),Bac au couvercle bleu,Bac au couvercle bleu,Bac au couvercle bleu,Bac au couvercle bleu,Bac au couvercle bleu,Bac au couvercle bleu,Point de collecte vert,Bac au couvercle bleu,Compost,Compost,Point de collecte vert,Bac au couvercle vert,Point de collecte vert,Bac au couvercle vert,Bac au couvercle bleu,Point de collecte vert
Nice (06),Bac au couvercle jaune,Bac au couvercle jaune,Bac au couvercle jaune,Bac au couvercle jaune,Bac au couvercle jaune,Bac au couvercle jaune,Point de collecte vert,Point de collecte bleu,Bac au couvercle marron,Bac au couvercle marron,Point de collecte vert,Bac au couvercle jaune,Point de collecte vert,Bac au couvercle jaune,Bac au couvercle jaune,Point de collecte vert
Nantes (44109),Bac au couvercle jaune,Bac au couvercle jaune ou Point de collecte,Bac au couvercle jaune ou Point de collecte / Bac au couvercle jaune ou Point de collecte,Bac au couvercle jaune ou Point de collecte,Bac au couvercle jaune ou Point de collecte,Bac au couvercle jaune ou Point de collecte,Bac au couvercle jaune ou Point de collecte / Point de collecte,Bac au couvercle jaune ou Point de collecte,Compost,Compost,Point de collecte / Bac au couvercle jaune ou Point de collecte,Bac au couvercle jaune ou Point de collecte / Bac au couvercle jaune ou Point de collecte,Bac au couvercle jaune ou Point de collecte / Point de collecte,Bac au couvercle jaune ou Point de collecte,Bac au couvercle jaune ou Point de collecte,Point de collecte
Montpellier (34172),Sac jaune ou Bac au couvercle jaune ou Point de collecte,Sac jaune ou Bac au couvercle jaune ou Point de collecte,Sac jaune ou Bac au couvercle jaune ou Point de collecte / Sac jaune ou Bac au couvercle jaune ou Point de collecte,Sac jaune ou Bac au couvercle jaune ou Point de collecte,Sac jaune ou Bac au couvercle jaune ou Point de collecte,Sac jaune ou Bac au couvercle jaune ou Point de collecte,Sac jaune ou Bac au couvercle jaune ou Point de collecte / Point de collecte,Sac jaune ou Bac au couvercle jaune ou Point de collecte,Bac au couvercle - ou Point de collecte,Bac au couvercle - ou Point de collecte,Point de collecte / Sac jaune ou Bac au couvercle jaune ou Point de collecte,Sac jaune ou Bac au couvercle jaune ou Point de collecte / Sac jaune ou Bac au couvercle jaune ou Point de collecte,Sac jaune ou Bac au couvercle jaune ou Point de collecte / Point de collecte,Sac jaune ou Bac au couvercle jaune ou Point de collecte,Sac jaune ou Bac au couvercle jaune ou Point de collecte,Point de collecte
Strasbourg (67482),Bac au couvercle jaune ou Sac jaune ou Point de collecte,Bac au couvercle jaune ou Sac jaune ou Point de collecte,Bac au couvercle jaune ou Sac jaune ou Point de collecte / Bac au couvercle jaune ou Sac jaune ou Point de collecte,Bac au couvercle jaune ou Sac jaune ou Point de collecte,Bac au couvercle jaune ou Sac jaune ou Point de collecte,Bac au couvercle jaune ou Sac jaune ou Point de collecte,Bac au couvercle jaune ou Sac jaune ou Point de collecte / Point de collecte,Bac au couvercle jaune ou Sac jaune ou Point de collecte,Compost,Compost,Point de collecte / Bac au couvercle jaune ou Sac jaune ou Point de collecte,Bac au couvercle bleu ou Point de collecte / Bac au couvercle bleu ou Point de collecte,Bac au couvercle jaune ou Sac jaune ou Point de collecte / Point de collecte,Bac au couvercle bleu ou Point de collecte,Bac au couvercle jaune ou Sac jaune ou Point de collecte,Point de collecte
Bordeaux (33063),Bac au couvercle vert ou Point de collecte,Bac au couvercle vert ou Point de collecte,Bac au couvercle vert ou Point de collecte / Bac au couvercle vert ou Point de collecte,Bac au couvercle vert ou Point de collecte,Bac au couvercle vert ou Point de collecte,Bac au couvercle vert ou Point de collecte,Bac au couvercle vert ou Point de collecte / Point de collecte,Bac au couvercle vert ou Point de collecte,Compost,Compost,Point de collecte / Bac au couvercle vert ou Point de collecte,Bac au couvercle gris ou Point de collecte / Bac au couvercle gris ou Point de collecte,Bac au couvercle vert ou Point de collecte / Point de collecte,Bac au couvercle gris ou Point de collecte,Bac au couvercle vert ou Point de collecte,Point de collecte
Lille (59350),Bac au couvercle rouge ou Sac rose ou Point de collecte,Bac au couvercle rouge ou Sac rose ou Point de collecte,Bac au couvercle rouge ou Sac rose ou Point de collecte / Bac au couvercle rouge ou Sac rose ou Point de collecte,Bac au couvercle rouge ou Sac rose ou Point de collecte,Bac au couvercle rouge ou Sac rose ou Point de collecte,Bac au couvercle rouge ou Sac rose ou Point de collecte,Bac au couvercle rouge ou Sac rose ou Point de collecte / Bac au couvercle bleu ou Sac bleu ou Point de collecte,Bac au couvercle rouge ou Sac rose ou Point de collecte,Bac au couvercle vert,Bac au couvercle vert,Bac au couvercle bleu ou Sac bleu ou Point de collecte / Bac au couvercle rouge ou Sac rouge ou Point de collecte,Sac noir ou Bac au couvercle gris ou Point de collecte / Sac noir ou Bac au couvercle gris ou Point de collecte,Bac au couvercle rouge ou Sac rose ou Point de collecte / Bac au couvercle bleu ou Sac bleu ou Point de collecte,Sac noir ou Bac au couvercle gris ou Point de collecte,Bac au couvercle rouge ou Sac rose ou Point de collecte,Bac au convercle bleu ou Sac bleu ou Point de collecte
Rennes (35238),Bac au couvercle jaune ou Sac jaune ou Point de collecte,Bac au couvercle jaune ou Sac jaune ou Point de collecte,Bac au couvercle jaune ou Sac jaune ou Point de collecte / Bac au couvercle jaune ou Sac jaune ou Point de collecte,Bac au couvercle jaune ou Sac jaune ou Point de collecte,Bac au couvercle jaune ou Sac jaune ou Point de collecte,Bac au couvercle jaune ou Sac jaune ou Point de collecte,Bac au couvercle jaune ou Sac jaune ou Point de collecte / Point de collecte,Bac au couvercle jaune ou Sac jaune ou Point de collecte,Compost,Compost,Point de collecte / Bac au couvercle jaune ou Sac jaune ou Point de collecte,Bac au couvercle jaune ou Sac jaune ou Point de collecte / Bac au couvercle jaune ou Sac jaune ou Point de collecte,Bac au couvercle jaune ou Sac jaune ou Point de collecte / Point de collecte,Bac au couvercle jaune ou Sac jaune ou Point de collecte,Bac au couvercle jaune ou Sac jaune ou Point de collecte,Point de collecte
Reims (51454),Bac au couvercle jaune ou Sac jaune ou Point de collecte,Bac au couvercle jaune ou Sac jaune ou Point de collecte,Bac au couvercle jaune ou Sac jaune ou Point de collecte / Bac au couvercle jaune ou Sac jaune ou Point de collecte,Bac au couvercle jaune ou Sac jaune ou Point de collecte,Bac au couvercle jaune ou Sac jaune ou Point de collecte,Bac au couvercle jaune ou Sac jaune ou Point de collecte,Bac au couvercle jaune ou Sac jaune ou Point de collecte / Bac au couvercle vert ou Point de collecte,Bac au couvercle jaune ou Sac jaune ou Point de collecte,Compost,Compost,Bac au couvercle vert ou Point de collecte / Bac au couvercle jaune ou Sac jaune ou Point de collecte,Bac au couvercle gris ou Sac gris ou Point de collecte / Bac au couvercle gris ou Sac gris ou Point de collecte,Bac au couvercle jaune ou Sac jaune ou Point de collecte / Bac au couvercle vert ou Point de collecte,Bac au couvercle gris ou Sac gris ou Point de collecte,Bac au couvercle jaune ou Sac jaune ou Point de collecte,Bac au couvercle vert ou Point de collecte
Toulon (83137),Bac au couvercle gris ou Point de collecte,Bac au couvercle gris ou Point de collecte,Bac au couvercle gris ou Point de collecte / Bac au couvercle jaune ou Point de collecte,Bac au couvercle jaune ou Point de collecte,Bac au couvercle gris ou Point de collecte,Bac au couvercle gris ou Point de collecte,Bac au couvercle gris ou Point de collecte / Bac au couvercle bleu ou Point de collecte,Bac au couvercle jaune ou Point de collecte,Compost,Compost,Bac au couvercle bleu ou Point de collecte / Bac au couvercle gris ou Point de collecte,Bac au couvercle gris ou Point de collecte / Bac au couvercle gris ou Point de collecte,Bac au couvercle gris ou Point de collecte / Bac au couvercle bleu ou Point de collecte,Bac au couvercle gris ou Point de collecte,Bac au couvercle gris ou Point de collecte,Bac au couvercle bleu ou Point de collecte
Le Havre (76351),Bac au couvercle jaune ou Point de collecte,Bac au couvercle jaune ou Point de collecte,Bac au couvercle jaune ou Point de collecte / Bac au couvercle jaune ou Point de collecte,Bac au couvercle jaune ou Point de collecte,Bac au couvercle jaune ou Point de collecte,Bac au couvercle jaune ou Point de collecte,Bac au couvercle jaune ou Point de collecte / Point de collecte,Bac au couvercle jaune ou Point de collecte,Bac au couvercle marron,Bac au couvercle marron,Point de collecte / Bac au couvercle jaune ou Point de collecte,Bac au couvercle jaune ou Point de collecte / Bac au couvercle jaune ou Point de collecte,Bac au couvercle jaune ou Point de collecte / Point de collecte,Bac au couvercle jaune ou Point de collecte,Bac au couvercle jaune ou Point de collecte,Point de collecte
Grenoble (38185),Bac au couvercle jaune ou Point de collecte,Bac au couvercle jaune ou Point de collecte,Bac au couvercle jaune ou Point de collecte / Bac au couvercle jaune ou Point de collecte,Bac au couvercle jaune ou Point de collecte,Bac au couvercle jaune ou Point de collecte,Bac au couvercle jaune ou Point de collecte,Bac au couvercle jaune ou Point de collecte / Point de collecte,Bac au couvercle jaune ou Point de collecte,Bac au couvercle marron,Bac au couvercle marron,Point de collecte / Bac au couvercle jaune ou Point de collecte,Bac au couvercle jaune ou Point de collecte / Bac au couvercle jaune ou Point de collecte,Bac au couvercle jaune ou Point de collecte / Point de collecte,Bac au couvercle jaune ou Point de collecte,Bac au couvercle jaune ou Point de collecte,Point de collecte
Dijon (21231),Bac au couvercle jaune ou Point de collecte,Bac au couvercle jaune ou Point de collecte,Bac au couvercle jaune ou Point de collecte / Bac au couvercle jaune ou Point de collecte,Bac au couvercle jaune ou Point de collecte,Bac au couvercle jaune ou Point de collecte,Bac au couvercle jaune ou Point de collecte,Bac au couvercle jaune ou Point de collecte / Point de collecte,Bac au couvercle jaune ou Point de collecte,Compost,Compost,Point de collecte / Bac au couvercle jaune ou Point de collecte,Bac au couvercle gris ou Sac noir ou Point de collecte / Bac au couvercle gris ou Sac noir ou Point de collecte,Bac au couvercle jaune ou Point de collecte / Point de collecte,Bac au couvercle gris ou Sac noir ou Point de collecte,Bac au couvercle jaune ou Point de collecte,Point de collecte
Angers (49007),Bac au couvercle jaune ou Sac jaune ou Point de collecte,Bac au couvercle jaune ou Sac jaune ou Point de collecte,Bac au couvercle jaune ou Sac jaune ou Point de collecte / Bac au couvercle jaune ou Sac jaune ou Point de collecte,Bac au couvercle jaune ou Sac jaune ou Point de collecte,Bac au couvercle jaune ou Sac jaune ou Point de collecte,Bac au couvercle jaune ou Sac jaune ou Point de collecte,Bac au couvercle jaune ou Sac jaune ou Point de collecte / Point de collecte,Bac au couvercle jaune ou Sac jaune ou Point de collecte,Compost,Compost,Point de collecte / Bac au couvercle jaune ou Sac jaune ou Point de collecte,Bac au couvercle jaune ou Sac jaune ou Point de collecte / Bac au couvercle jaune ou Sac jaune ou Point de collecte,Bac au couvercle jaune ou Sac jaune ou Point de collecte / Point de collecte,Bac au couvercle jaune ou Sac jaune ou Point de collecte,Bac au couvercle jaune ou Sac jaune ou Point de collecte,Point de collecte
Villeurbanne (69266),Bac au couvercle jaune ou Point de collecte,Bac au couvercle jaune ou Point de collecte,Bac au couvercle jaune ou Point de collecte / Bac au couvercle jaune ou Point de collecte,Bac au couvercle jaune ou Point de collecte,Bac au couvercle jaune ou Point de collecte,Bac au couvercle jaune ou Point de collecte,Bac au couvercle jaune ou Point de collecte / Point de collecte,Bac au couvercle jaune ou Point de collecte,Compost,Compost,Point de collecte / Bac au couvercle jaune ou Point de collecte,Bac au couvercle jaune ou Point de collecte / Bac au couvercle jaune ou Point de collecte,Bac au couvercle jaune ou Point de collecte / Point de collecte,Bac au couvercle jaune ou Point de collecte,Bac au couvercle jaune ou Point de collecte,Point de collecte
N�mes (30189),Bac au couvercle bleu ou Sac bleu ou Point de collecte,Bac au couvercle bleu ou Sac bleu ou Point de collecte,Bac au couvercle bleu ou Sac bleu ou Point de collecte / Bac au couvercle bleu ou Sac bleu ou Point de collecte,Bac au couvercle jaune ou Bac au couvercle bleu ou Sac bleu ou Point de collecte,Bac au couvercle bleu ou Sac bleu ou Point de collecte,Bac au couvercle bleu ou Sac bleu ou Point de collecte,Bac au couvercle bleu ou Sac bleu ou Point de collecte / Point de collecte,Bac au couvercle bleu ou Sac bleu ou Point de collecte,Compost,Compost,Point de collecte / Bac au couvercle bleu ou Sac bleu ou Point de collecte,Bac au couvercle bleu ou Sac bleu ou Point de collecte / Bac au couvercle bleu ou Sac bleu ou Point de collecte,Bac au couvercle bleu ou Sac bleu ou Point de collecte / Point de collecte,Bac au couvercle bleu ou Sac bleu ou Point de collecte,Bac au couvercle bleu ou Sac bleu ou Point de collecte,Point de collecte
Clermont-Ferrand (63113),Bac au couvercle jaune ou Point de collecte,Bac au couvercle jaune ou Point de collecte,Bac au couvercle jaune ou Point de collecte / Bac au couvercle jaune ou Point de collecte,Bac au couvercle jaune ou Point de collecte,Bac au couvercle jaune ou Point de collecte,Bac au couvercle jaune ou Point de collecte,Bac au couvercle jaune ou Point de collecte / Point de collecte,Bac au couvercle jaune ou Point de collecte,Bac au couvercle vert,Bac au couvercle vert,Point de collecte / Bac au couvercle jaune ou Point de collecte,Bac au couvercle jaune ou Point de collecte / Bac au couvercle jaune ou Point de collecte,Bac au couvercle jaune ou Point de collecte / Point de collecte,Bac au couvercle jaune ou Point de collecte,Bac au couvercle jaune ou Point de collecte,Point de collecte
Aix-en-Provence (13001),Bac au couvercle jaune ou Point de collecte,Bac au couvercle jaune ou Point de collecte,Bac au couvercle jaune ou Point de collecte / Bac au couvercle jaune ou Point de collecte,Bac au couvercle jaune ou Point de collecte,Bac au couvercle jaune ou Point de collecte,Bac au couvercle jaune ou Point de collecte,Bac au couvercle jaune ou Point de collecte / Point de collecte,Bac au couvercle jaune ou Point de collecte,Compost,Compost,Point de collecte / Bac au couvercle jaune ou Point de collecte,Bac au couvercle jaune ou Point de collecte / Bac au couvercle jaune ou Point de collecte,Bac au couvercle jaune ou Point de collecte / Point de collecte,Bac au couvercle jaune ou Point de collecte,Bac au couvercle jaune ou Point de collecte,Point de collecte
Brest (29019),Bac au couvercle jaune ou Point de collecte,Bac au couvercle jaune ou Point de collecte,Bac au couvercle jaune ou Point de collecte / Bac au couvercle jaune ou Point de collecte,Bac au couvercle jaune ou Point de collecte,Bac au couvercle jaune ou Point de collecte,Bac au couvercle jaune ou Point de collecte,Bac au couvercle jaune ou Point de collecte / Point de collecte,Bac au couvercle jaune ou Point de collecte,Bac au couvercle marron,Bac au couvercle marron,Point de collecte / Bac au couvercle jaune ou Point de collecte,Bac au couvercle jaune ou Point de collecte / Bac au couvercle jaune ou Point de collecte,Bac au couvercle jaune ou Point de collecte / Point de collecte,Bac au couvercle jaune ou Point de collecte,Bac au couvercle jaune ou Point de collecte,Point de collecte
Tours (37261),Bac au couvercle jaune ou Point de collecte,Bac au couvercle jaune ou Point de collecte,Bac au couvercle jaune ou Point de collecte / Bac au couvercle jaune ou Point de collecte,Bac au couvercle jaune ou Point de collecte,Bac au couvercle jaune ou Point de collecte,Bac au couvercle jaune ou Point de collecte,Bac au couvercle jaune ou Point de collecte / Point de collecte,Bac au couvercle jaune ou Point de collecte,Compost,Compost,Point de collecte / Bac au couvercle jaune ou Point de collecte,Bac au couvercle jaune ou Point de collecte / Bac au couvercle jaune ou Point de collecte,Bac au couvercle jaune ou Point de collecte / Point de collecte,Bac au couvercle jaune ou Point de collecte,Bac au couvercle jaune ou Point de collecte,Point de collecte
Amiens (80021),Bac au couvercle jaune ou Sac jaune ou Point de collecte,Bac au couvercle jaune ou Sac jaune ou Point de collecte,Bac au couvercle jaune ou Sac jaune ou Point de collecte / Bac au couvercle jaune ou Sac jaune ou Point de collecte,Point de collecte,Bac au couvercle jaune ou Sac jaune ou Point de collecte,Bac au couvercle jaune ou Sac jaune ou Point de collecte,Bac au couvercle jaune ou Sac jaune ou Point de collecte / Point de collecte,Point de collecte,Compost,Compost,Point de collecte / Bac au couvercle jaune ou Sac jaune ou Point de collecte,Bac au couvercle jaune ou Sac jaune ou Point de collecte / Bac au couvercle jaune ou Sac jaune ou Point de collecte,Bac au couvercle jaune ou Sac jaune ou Point de collecte / Point de collecte,Bac au couvercle jaune ou Sac jaune ou Point de collecte,Bac au couvercle jaune ou Sac jaune ou Point de collecte,Point de collecte
Limoges (87085),Sac jaune ou Bac au couvercle bleu ou Point de collecte,Sac jaune ou Bac au couvercle bleu ou Point de collecte,Sac jaune ou Bac au couvercle bleu ou Point de collecte / Sac jaune ou Bac au couvercle bleu ou Point de collecte,Sac jaune ou Bac au couvercle bleu ou Point de collecte,Sac jaune ou Bac au couvercle bleu ou Point de collecte,Sac jaune ou Bac au couvercle bleu ou Point de collecte,Sac jaune ou Bac au couvercle bleu ou Point de collecte / Point de collecte,Sac jaune ou Bac au couvercle bleu ou Point de collecte,Compost,Compost,Point de collecte / Sac jaune ou Bac au couvercle bleu ou Point de collecte,Sac jaune ou Bac au couvercle bleu ou Point de collecte / Sac jaune ou Bac au couvercle bleu ou Point de collecte,Sac jaune ou Bac au couvercle bleu ou Point de collecte / Point de collecte,Sac jaune ou Bac au couvercle bleu ou Point de collecte,Sac jaune ou Bac au couvercle bleu ou Point de collecte,Point de collecte
Annecy (74010),Bac au couvercle jaune ou Sac jaune ou Point de collecte,Bac au couvercle jaune ou Sac jaune ou Point de collecte,Bac au couvercle jaune ou Sac jaune ou Point de collecte / Bac au couvercle jaune ou Sac jaune ou Point de collecte,Bac au couvercle jaune ou Sac jaune ou Point de collecte,Bac au couvercle jaune ou Sac jaune ou Point de collecte,Bac au couvercle jaune ou Sac jaune ou Point de collecte,Bac au couvercle jaune ou Sac jaune ou Point de collecte / Point de collecte,Bac au couvercle jaune ou Sac jaune ou Point de collecte,Compost,Compost,Point de collecte / Bac au couvercle jaune ou Sac jaune ou Point de collecte,Bac au couvercle gris ou Point de collecte / Bac au couvercle gris ou Point de collecte,Bac au couvercle jaune ou Sac jaune ou Point de collecte / Point de collecte,Bac au couvercle gris ou Point de collecte,Bac au couvercle jaune ou Sac jaune ou Point de collecte,Point de collecte
Boulogne-Billancourt (92012),Bac au couvercle jaune,Bac au couvercle jaune,Bac au couvercle jaune / Bac au couvercle jaune,Bac au couvercle jaune,Bac au couvercle jaune,Bac au couvercle jaune,Bac au couvercle jaune / Point de collecte,Bac au couvercle jaune,Compost,Compost,Point de collecte / Bac au couvercle jaune,Bac au couvercle jaune / Bac au couvercle jaune,Bac au couvercle jaune / Point de collecte,Bac au couvercle jaune,Bac au couvercle jaune,Point de collecte
Perpignan (66136),Bac au couvercle jaune ou Point de collecte,Bac au couvercle jaune ou Point de collecte,Bac au couvercle jaune ou Point de collecte / Bac au couvercle jaune ou Point de collecte,Bac au couvercle jaune ou Point de collecte,Bac au couvercle jaune ou Point de collecte,Bac au couvercle jaune ou Point de collecte,Bac au couvercle jaune ou Point de collecte / Point de collecte,Bac au couvercle jaune ou Point de collecte,Compost,Compost,Point de collecte / Bac au couvercle jaune ou Point de collecte,Bac au couvercle jaune ou Point de collecte / Bac au couvercle jaune ou Point de collecte,Bac au couvercle jaune ou Point de collecte / Point de collecte,Bac au couvercle jaune ou Point de collecte,Bac au couvercle jaune ou Point de collecte,Point de collecte
Metz (57463),Bac au couvercle jaune ou Point de collecte,Bac au couvercle jaune ou Point de collecte,Bac au couvercle jaune ou Point de collecte / Bac au couvercle jaune ou Point de collecte,Bac au couvercle jaune ou Point de collecte,Bac au couvercle jaune ou Point de collecte,Bac au couvercle jaune ou Point de collecte,Bac au couvercle jaune ou Point de collecte / Point de collecte,Bac au couvercle jaune ou Point de collecte,Compost,Compost,Point de collecte / Bac au couvercle jaune ou Point de collecte,Bac au couvercle jaune ou Point de collecte / Bac au couvercle jaune ou Point de collecte,Bac au couvercle jaune ou Point de collecte / Point de collecte,Bac au couvercle jaune ou Point de collecte,Bac au couvercle jaune ou Point de collecte,Point de collecte
Besan�on (25056),Bac au couvercle jaune ou Point de collecte,Bac au couvercle jaune ou Point de collecte,Bac au couvercle jaune ou Point de collecte / Bac au couvercle jaune ou Point de collecte,Bac au couvercle jaune ou Point de collecte,Bac au couvercle jaune ou Point de collecte,Bac au couvercle jaune ou Point de collecte,Bac au couvercle jaune ou Point de collecte / Point de collecte,Bac au couvercle jaune ou Point de collecte,Compost,Compost,Point de collecte / Bac au couvercle jaune ou Point de collecte,Bac au couvercle jaune ou Point de collecte / Bac au couvercle jaune ou Point de collecte,Bac au couvercle jaune ou Point de collecte / Point de collecte,Bac au couvercle jaune ou Point de collecte,Bac au couvercle jaune ou Point de collecte,Point de collecte
Orl�ans (45234),Bac au couvercle jaune ou Sac jaune ou Point de collecte,Bac au couvercle jaune ou Sac jaune ou Point de collecte,Bac au couvercle jaune ou Sac jaune ou Point de collecte / Bac au couvercle jaune ou Sac jaune ou Point de collecte,Bac au couvercle jaune ou Sac jaune ou Point de collecte,Bac au couvercle jaune ou Sac jaune ou Point de collecte,Bac au couvercle jaune ou Sac jaune ou Point de collecte,Bac au couvercle jaune ou Sac jaune ou Point de collecte / Point de collecte,Bac au couvercle jaune ou Sac jaune ou Point de collecte,Compost,Compost,Point de collecte / Bac au couvercle jaune ou Sac jaune ou Point de collecte,Bac au couvercle jaune ou Sac jaune ou Point de collecte / Bac au couvercle jaune ou Sac jaune ou Point de collecte,Bac au couvercle jaune ou Sac jaune ou Point de collecte / Point de collecte,Bac au couvercle jaune ou Sac jaune ou Point de collecte,Bac au couvercle jaune ou Sac jaune ou Point de collecte,Point de collecte
Rouen (76540),Sac jaune ou Bac au couvercle jaune ou Point de collecte,Sac jaune ou Bac au couvercle jaune ou Point de collecte,Sac jaune ou Bac au couvercle jaune ou Point de collecte / Sac jaune ou Bac au couvercle jaune ou Point de collecte,Sac jaune ou Bac au couvercle jaune ou Point de collecte,Sac jaune ou Bac au couvercle jaune ou Point de collecte,Sac jaune ou Bac au couvercle jaune ou Point de collecte,Sac jaune ou Bac au couvercle jaune ou Point de collecte / Point de collecte,Sac jaune ou Bac au couvercle jaune ou Point de collecte,Compost,Compost,Point de collecte / Sac jaune ou Bac au couvercle jaune ou Point de collecte,Sac jaune ou Bac au couvercle jaune ou Point de collecte / Sac jaune ou Bac au couvercle jaune ou Point de collecte,Sac jaune ou Bac au couvercle jaune ou Point de collecte / Point de collecte,Sac jaune ou Bac au couvercle jaune ou Point de collecte,Sac jaune ou Bac au couvercle jaune ou Point de collecte,Point de collecte
Montreuil (93048),Bac au couvercle jaune ou Point de collecte,Bac au couvercle jaune ou Point de collecte,Bac au couvercle jaune ou Point de collecte / Bac au couvercle jaune ou Point de collecte,Bac au couvercle jaune ou Point de collecte,Bac au couvercle jaune ou Point de collecte,Bac au couvercle jaune ou Point de collecte,Bac au couvercle jaune ou Point de collecte / Point de collecte,Bac au couvercle jaune ou Point de collecte,Compost,Compost,Point de collecte / Bac au couvercle jaune ou Point de collecte,Bac au couvercle jaune ou Point de collecte / Bac au couvercle jaune ou Point de collecte,Bac au couvercle jaune ou Point de collecte / Point de collecte,Bac au couvercle jaune ou Point de collecte,Bac au couvercle jaune ou Point de collecte,Point de collecte
Argenteuil (95018),Bac au couvercle bleu ou Bac au couvercle jaune ou Point de collecte,Bac au couvercle bleu ou Bac au couvercle jaune ou Point de collecte,Bac au couvercle bleu ou Bac au couvercle jaune ou Point de collecte / Bac au couvercle bleu ou Bac au couvercle jaune ou Point de collecte,Bac au couvercle bleu ou Bac au couvercle jaune ou Point de collecte,Bac au couvercle bleu ou Bac au couvercle jaune ou Point de collecte,Bac au couvercle bleu ou Bac au couvercle jaune ou Point de collecte,Bac au couvercle bleu ou Bac au couvercle jaune ou Point de collecte / Point de collecte,Bac au couvercle bleu ou Bac au couvercle jaune ou Point de collecte,Bac vert au couvercle vert ou Compost,Bac vert au couvercle vert ou Compost,Point de collecte / Bac au couvercle bleu ou Bac au couvercle jaune ou Point de collecte,Bac au couvercle vert ou Point de collecte / Bac au couvercle vert ou Point de collecte,Bac au couvercle bleu ou Bac au couvercle jaune ou Point de collecte / Point de collecte,Bac au couvercle vert ou Point de collecte,Bac au couvercle bleu ou Bac au couvercle jaune ou Point de collecte,Point de collecte
Mulhouse (68224),Bac au couvercle jaune,Bac au couvercle jaune,Bac au couvercle jaune / Bac au couvercle jaune,Bac au couvercle jaune,Bac au couvercle jaune,Bac au couvercle jaune,Bac au couvercle jaune / Point de collecte,Bac au couvercle jaune,Compost,Compost,Point de collecte / Bac au couvercle jaune,Bac au couvercle jaune / Bac au couvercle jaune,Bac au couvercle jaune / Point de collecte,Bac au couvercle jaune,Bac au couvercle jaune,Point de collecte
Caen (14118),Bac au couvercle jaune ou Sac jaune ou Point de collecte,Bac au couvercle jaune ou Sac jaune ou Point de collecte,Bac au couvercle jaune ou Sac jaune ou Point de collecte / Bac au couvercle jaune ou Sac jaune ou Point de collecte,Bac au couvercle jaune ou Sac jaune ou Point de collecte,Bac au couvercle jaune ou Sac jaune ou Point de collecte,Bac au couvercle jaune ou Sac jaune ou Point de collecte,Bac au couvercle jaune ou Sac jaune ou Point de collecte / Point de collecte,Bac au couvercle jaune ou Sac jaune ou Point de collecte,Compost,Compost,Point de collecte / Bac au couvercle jaune ou Sac jaune ou Point de collecte,Bac au couvercle jaune ou Sac jaune ou Point de collecte / Bac au couvercle jaune ou Sac jaune ou Point de collecte,Bac au couvercle jaune ou Sac jaune ou Point de collecte / Point de collecte,Bac au couvercle jaune ou Sac jaune ou Point de collecte,Bac au couvercle jaune ou Sac jaune ou Point de collecte,Point de collecte
Nancy (54395),Bac au couvercle jaune ou Point de collecte,Bac au couvercle jaune ou Point de collecte,Bac au couvercle jaune ou Point de collecte / Bac au couvercle jaune ou Point de collecte,Bac au couvercle jaune ou Point de collecte,Bac au couvercle jaune ou Point de collecte,Bac au couvercle jaune ou Point de collecte,Bac au couvercle jaune ou Point de collecte / Point de collecte vert,Point de collecte bleu,Compost,Compost,Point de collecte vert / Bac au couvercle jaune ou Point de collecte,Bac au couvercle jaune ou Point de collecte / Bac au couvercle jaune ou Point de collecte,Bac au couvercle jaune ou Point de collecte / Point de collecte vert,Bac au couvercle jaune ou Point de collecte,Bac au couvercle jaune ou Point de collecte,Point de collecte vert
Roubaix (59512),Sac rouge ou Bac au couvercle rouge ou Point de collecte,Sac rouge ou Bac au couvercle rouge ou Point de collecte,Sac rouge ou Bac au couvercle rouge ou Point de collecte / Sac rouge ou Bac au couvercle rouge ou Point de collecte,Sac rouge ou Bac au couvercle rouge ou Point de collecte,Sac rouge ou Bac au couvercle rouge ou Point de collecte,Sac rouge ou Bac au couvercle rouge ou Point de collecte,Sac rouge ou Bac au couvercle rouge ou Point de collecte / Sac rouge ou Bac au couvercle rouge ou Point de collecte,Sac rouge ou Bac au couvercle rouge ou Point de collecte,Compost,Compost,Sac rouge ou Bac au couvercle rouge ou Point de collecte,Bac au couvercle gris ou Sac noir ou Point de collecte / Bac au couvercle gris ou Sac noir ou Point de collecte,Sac rouge ou Bac au couvercle rouge ou Point de collecte / Sac rouge ou Bac au couvercle rouge ou Point de collecte,Bac au couvercle gris ou Sac noir ou Point de collecte,Sac rouge ou Bac au couvercle rouge ou Point de collecte,Sac rouge ou Bac au couvercle rouge ou Point de collecte
Tourcoing (59599),Sac rouge ou Bac au couvercle rouge ou Point de collecte,Sac rouge ou Bac au couvercle rouge ou Point de collecte,Sac rouge ou Bac au couvercle rouge ou Point de collecte / Sac rouge ou Bac au couvercle rouge ou Point de collecte,Sac rouge ou Bac au couvercle rouge ou Point de collecte,Sac rouge ou Bac au couvercle rouge ou Point de collecte,Sac rouge ou Bac au couvercle rouge ou Point de collecte,Sac rouge ou Bac au couvercle rouge ou Point de collecte / Sac rouge ou Bac au couvercle rouge ou Point de collecte,Sac rouge ou Bac au couvercle rouge ou Point de collecte,Compost,Compost,Sac rouge ou Bac au couvercle rouge ou Point de collecte,Bac au couvercle gris ou Sac noir ou Point de collecte / Bac au couvercle gris ou Sac noir ou Point de collecte,Sac rouge ou Bac au couvercle rouge ou Point de collecte / Sac rouge ou Bac au couvercle rouge ou Point de collecte,Bac au couvercle gris ou Sac noir ou Point de collecte,Sac rouge ou Bac au couvercle rouge ou Point de collecte,Sac rouge ou Bac au couvercle rouge ou Point de collecte
Nanterre (92050),Bac au couvercle jaune,Bac au couvercle jaune,Bac au couvercle jaune / Bac au couvercle jaune,Bac au couvercle jaune,Bac au couvercle jaune,Bac au couvercle jaune,Bac au couvercle jaune / Point de collecte,Bac au couvercle jaune,Compost,Compost,Point de collecte / Bac au couvercle jaune,Bac au couvercle jaune / Bac au couvercle jaune,Bac au couvercle jaune / Point de collecte,Bac au couvercle jaune,Bac au couvercle jaune,Point de collecte
Vitry-sur-Seine (94081),Bac au couvercle jaune ou Point de collecte,Bac au couvercle jaune ou Point de collecte,Bac au couvercle jaune ou Point de collecte / Bac au couvercle jaune ou Point de collecte,Bac au couvercle jaune ou Point de collecte,Bac au couvercle jaune ou Point de collecte,Bac au couvercle jaune ou Point de collecte,Bac au couvercle jaune ou Point de collecte / Bac au couvercle vert ou Point de collecte,Bac au couvercle jaune ou Point de collecte,Compost,Compost,Bac au couvercle vert ou Point de collecte / Bac au couvercle jaune ou Point de collecte,Bac au couvercle jaune ou Point de collecte / Bac au couvercle jaune ou Point de collecte,Bac au couvercle jaune ou Point de collecte / Bac au couvercle vert ou Point de collecte,Bac au couvercle jaune ou Point de collecte,Bac au couvercle jaune ou Point de collecte,Bac au couvercle vert ou Point de collecte
Cr�teil (94028),Bac au couvercle jaune ou Point de collecte,Bac au couvercle jaune ou Point de collecte,Bac au couvercle jaune ou Point de collecte / Bac au couvercle jaune ou Point de collecte,Bac au couvercle jaune ou Point de collecte,Bac au couvercle jaune ou Point de collecte,Bac au couvercle jaune ou Point de collecte,Bac au couvercle jaune ou Point de collecte / Bac au couvercle vert ou Point de collecte,Bac au couvercle jaune ou Point de collecte,Compost,Compost,Bac au couvercle vert ou Point de collecte / Bac au couvercle jaune ou Point de collecte,Bac au couvercle jaune ou Point de collecte / Bac au couvercle jaune ou Point de collecte,Bac au couvercle jaune ou Point de collecte / Bac au couvercle vert ou Point de collecte,Bac au couvercle jaune ou Point de collecte,Bac au couvercle jaune ou Point de collecte,Bac au couvercle vert ou Point de collecte
Avignon (84007),Bac au couvercle jaune ou Sac jaune ou Point de collecte,Bac au couvercle jaune ou Sac jaune ou Point de collecte,Bac au couvercle jaune ou Sac jaune ou Point de collecte / Bac au couvercle jaune ou Sac jaune ou Point de collecte,Bac au couvercle jaune ou Sac jaune ou Point de collecte,Bac au couvercle jaune ou Sac jaune ou Point de collecte,Bac au couvercle jaune ou Sac jaune ou Point de collecte,Bac au couvercle jaune ou Sac jaune ou Point de collecte / Point de collecte,Bac au couvercle jaune ou Sac jaune ou Point de collecte,Compost,Compost,Point de collecte / Bac au couvercle jaune ou Sac jaune ou Point de collecte,Bac au couvercle vert ou Point de collecte / Bac au couvercle vert ou Point de collecte,Bac au couvercle jaune ou Sac jaune ou Point de collecte / Point de collecte,Bac au couvercle vert ou Point de collecte,Bac au couvercle jaune ou Sac jaune ou Point de collecte,Point de collecte
Poitiers (86194),Bac au couvercle jaune,Bac au couvercle jaune,Bac au couvercle jaune / Bac au couvercle jaune,Bac au couvercle jaune,Bac au couvercle jaune,Bac au couvercle jaune,Bac au couvercle jaune / Point de collecte,Bac au couvercle jaune,Compost,Compost,Point de collecte / Bac au couvercle jaune,Bac au couvercle jaune / Bac au couvercle jaune,Bac au couvercle jaune / Point de collecte,Bac au couvercle jaune,Bac au couvercle jaune,Point de collecte
Aubervilliers (93001),Bac au couvercle jaune ou Point de collecte,Bac au couvercle jaune ou Point de collecte,Bac au couvercle jaune ou Point de collecte / Bac au couvercle jaune ou Point de collecte,Bac au couvercle jaune ou Point de collecte,Bac au couvercle jaune ou Point de collecte,Bac au couvercle jaune ou Point de collecte,Bac au couvercle jaune ou Point de collecte / Point de collecte,Bac au couvercle jaune ou Point de collecte,Compost,Compost,Point de collecte / Bac au couvercle jaune ou Point de collecte,Bac au couvercle jaune ou Point de collecte / Bac au couvercle jaune ou Point de collecte,Bac au couvercle jaune ou Point de collecte / Point de collecte,Bac au couvercle jaune ou Point de collecte,Bac au couvercle jaune ou Point de collecte,Point de collecte
Saint-Etienne,Bac au couvercle jaune,Bac au couvercle jaune,Bac au couvercle jaune,Bac au couvercle jaune,Bac au couvercle jaune,Bac au couvercle jaune,Point de collecte vert,Bac au couvercle jaune,Bac au couvercle vert ou Compost,Bac au couvercle vert ou Compost,Point de collecte vert,Bac au couvercle vert / Bac au couvercle vert,Point de collecte vert,Bac au couvercle vert,Bac au couvercle jaune,Point de collecte vert
Saint-Denis (93205),Bac au couvercle jaune - bleu,Bac au couvercle jaune - bleu,Bac au couvercle jaune - bleu,Bac au couvercle jaune - bleu,Bac au couvercle jaune - bleu,Bac au couvercle jaune - bleu,Point de collecte vert,Bac au couvercle jaune - bleu,Bac au couvercle gris ou Compost,Bac au couvercle gris ou Compost,Point de collecte vert,Bac au couvercle jaune - bleu,Point de collecte vert,Bac au couvercle jaune - bleu,Bac au couvercle jaune - bleu,Point de collecte vert
Le Mans,Bac vert au couvercle jaune ou Point de collecte jaune,Bac vert au couvercle jaune ou Point de collecte jaune,Bac vert au couvercle jaune ou Point de collecte jaune,Bac vert au couvercle jaune ou Point de collecte jaune,Bac vert au couvercle jaune ou Point de collecte jaune,Bac vert au couvercle jaune ou Point de collecte jaune,Point de collecte vert,Bac vert au couvercle jaune ou Point de collecte jaune,Bac au couvercle gris ou Compost,Bac au couvercle gris ou Compost,Point de collecte vert,Bac vert au couvercle jaune ou Point de collecte jaune,Point de collecte vert,Bac vert au couvercle jaune ou Point de collecte jaune,Bac vert au couvercle jaune ou Point de collecte jaune,Point de collecte vert
